EmployeeID,FirstName,LastName,Email
1,Michael,Johnson,michael.johnson@example.com
2,Sophia,Brown,sophia.brown@example.com
3,Liam,Williams,liam.williams@example.com
4,Emma,Williams,emma.williams@example.com
5,Sophia,Garcia,sophia.garcia@example.com
6,Olivia,Williams,olivia.williams@example.com
7,Olivia,Johnson,olivia.johnson@example.com
8,Robert,Garcia,robert.garcia@example.com
9,Alex,Smith,alex.smith@example.com
10,Sophia,Johnson,sophia.johnson@example.com
11,Liam,Martinez,liam.martinez@example.com
12,Robert,Miller,robert.miller@example.com
13,Olivia,Rodriguez,olivia.rodriguez@example.com
14,David,Davis,david.davis@example.com
15,Alex,Rodriguez,alex.rodriguez@example.com
16,Robert,Rodriguez,robert.rodriguez@example.com
17,Liam,Rodriguez,liam.rodriguez@example.com
18,Sophia,Miller,sophia.miller@example.com
19,Maria,Davis,maria.davis@example.com
20,Michael,Martinez,michael.martinez@example.com
21,John,Smith,john.smith@example.com
22,David,Williams,david.williams@example.com
23,Olivia,Rodriguez,olivia.rodriguez@example.com
24,Michael,Jones,michael.jones@example.com
25,Maria,Davis,maria.davis@example.com
26,Robert,Martinez,robert.martinez@example.com
27,Michael,Johnson,michael.johnson@example.com
28,Emma,Martinez,emma.martinez@example.com
29,Olivia,Johnson,olivia.johnson@example.com
30,Sophia,Garcia,sophia.garcia@example.com
31,Olivia,Brown,olivia.brown@example.com
32,Robert,Miller,robert.miller@example.com
33,Olivia,Martinez,olivia.martinez@example.com
34,Maria,Martinez,maria.martinez@example.com
35,Robert,Smith,robert.smith@example.com
36,Sophia,Rodriguez,sophia.rodriguez@example.com
37,Michael,Johnson,michael.johnson@example.com
38,Michael,Garcia,michael.garcia@example.com
39,Alex,Brown,alex.brown@example.com
40,Maria,Jones,maria.jones@example.com
41,Michael,Jones,michael.jones@example.com
42,Alex,Smith,alex.smith@example.com
43,David,Jones,david.jones@example.com
44,Robert,Martinez,robert.martinez@example.com
45,Sophia,Brown,sophia.brown@example.com
46,John,Johnson,john.johnson@example.com
47,John,Johnson,john.johnson@example.com
48,Sophia,Jones,sophia.jones@example.com
49,Maria,Johnson,maria.johnson@example.com
50,Alex,Davis,alex.davis@example.com
51,David,Jones,david.jones@example.com
52,Sophia,Garcia,sophia.garcia@example.com
53,Robert,Brown,robert.brown@example.com
54,John,Martinez,john.martinez@example.com
55,David,Johnson,david.johnson@example.com
56,Michael,Smith,michael.smith@example.com
57,David,Brown,david.brown@example.com
58,Liam,Garcia,liam.garcia@example.com
59,Emma,Johnson,emma.johnson@example.com
60,Olivia,Rodriguez,olivia.rodriguez@example.com
61,Robert,Jones,robert.jones@example.com
62,Olivia,Brown,olivia.brown@example.com
63,Emma,Brown,emma.brown@example.com
64,Robert,Jones,robert.jones@example.com
65,Olivia,Brown,olivia.brown@example.com
66,Alex,Garcia,alex.garcia@example.com
67,Liam,Brown,liam.brown@example.com
68,Olivia,Garcia,olivia.garcia@example.com
69,Emma,Rodriguez,emma.rodriguez@example.com
70,Alex,Rodriguez,alex.rodriguez@example.com
71,Sophia,Miller,sophia.miller@example.com
72,Liam,Brown,liam.brown@example.com
73,John,Davis,john.davis@example.com
74,Alex,Brown,alex.brown@example.com
75,Alex,Brown,alex.brown@example.com
76,Robert,Johnson,robert.johnson@example.com
77,Liam,Williams,liam.williams@example.com
78,Liam,Jones,liam.jones@example.com
79,Liam,Johnson,liam.johnson@example.com
80,Sophia,Williams,sophia.williams@example.com
81,Michael,Martinez,michael.martinez@example.com
82,Olivia,Jones,olivia.jones@example.com
83,Liam,Jones,liam.jones@example.com
84,Maria,Williams,maria.williams@example.com
85,Olivia,Williams,olivia.williams@example.com
86,Sophia,Martinez,sophia.martinez@example.com
87,Olivia,Miller,olivia.miller@example.com
88,Robert,Williams,robert.williams@example.com
89,Sophia,Miller,sophia.miller@example.com
90,Alex,Rodriguez,alex.rodriguez@example.com
91,Alex,Davis,alex.davis@example.com
92,Robert,Garcia,robert.garcia@example.com
93,Liam,Miller,liam.miller@example.com
94,Emma,Williams,emma.williams@example.com
95,Olivia,Johnson,olivia.johnson@example.com
96,Liam,Williams,liam.williams@example.com
97,John,Garcia,john.garcia@example.com
98,Robert,Jones,robert.jones@example.com
99,John,Williams,john.williams@example.com
100,Maria,Smith,maria.smith@example.com